"block_1","block_2","block_3","name","random_1","random_2","random_3","unique","db_1_unique","db_1_null","db_2_unique","db_2_null","db_3_unique","db_3_null","max","min","null_count","path","size","top_1_percent","top_1_value","top_2_percent","top_2_value","top_3_percent","top_3_value","zero_count"
"xx.xxxxxxx..x.xxxxxx","x.xxxxxxx.xx.xxxxxx.",".xxxxxxxx.x.xx.xxxxx","Generico_4/30_Posicion_Edicion.integer",7,2,9,379,185,"0",130,"0",117,"0",1136,"0.0",28709,"/data/mt-compression/code/tools/datasets/formatted/Generico/4/Generico_4/30_Posicion_Edicion.integer",23365928,18.6,1,12.7,2,11.2,3,1674606
"....................","....................","....................","Generico_4/33_SEMANA.integer",21,24,47,53,3,"0",3,"0",2,"0",53,1,76864,"/data/mt-compression/code/tools/datasets/formatted/Generico/4/Generico_4/33_SEMANA.integer",23365928,2.5,30,2.4,29,2.4,31,"0"
"....................","....................","....................","Generico_4/13_Dia_Semana.integer",4,2,6,135,7,"0",6,"0",7,"0",134,"0.0","0","/data/mt-compression/code/tools/datasets/formatted/Generico/4/Generico_4/13_Dia_Semana.integer",23365928,15.5,5,15.4,3,15.3,4,7865
"....................","....................","....................","Generico_4/27_NumAnuncios.integer",1,1,1,2,1,"0",1,"0",1,"0",2,1,"0","/data/mt-compression/code/tools/datasets/formatted/Generico/4/Generico_4/27_NumAnuncios.integer",23365928,100,1,"0.0",2,"None","nan","0"
"xxxx..xxx.x.xx.xxxx.","xxxx.xxxxxxxxxxxxxxx","xxx.....xxxxxxxxxxxx","Generico_4/11_Corte.integer",4,14,1,616,48,"0",38,"0",42,"0",838,"0.0",28594,"/data/mt-compression/code/tools/datasets/formatted/Generico/4/Generico_4/11_Corte.integer",23365928,17.7,"0.0",16.7,1,15.7,2,4145892
"....................","....................","....................","Generico_4/8_Cols.integer","0.0","0.0","0.0",21,11,"0",10,"0",10,"0",68,"0.0","0","/data/mt-compression/code/tools/datasets/formatted/Generico/4/Generico_4/8_Cols.integer",23365928,97.1,"0.0",1.2,6,"0.5",3,22687060
"....................","....................","....................","Generico_4/29_Plgs.integer","0.0","0.0","0.0",24,16,"0",17,"0",11,"0",98,"0.0","0","/data/mt-compression/code/tools/datasets/formatted/Generico/4/Generico_4/29_Plgs.integer",23365928,97.1,"0.0",1,8,"0.7",4,22687060
"....................","x.xxxxxxxxxxxxxx.x..","......x..x..xxx.....","Generico_4/7_Codigo.integer",192093,100800,177337,1430639,8544,"0",7699,"0",3846,"0",1882408,5,"0","/data/mt-compression/code/tools/datasets/formatted/Generico/4/Generico_4/7_Codigo.integer",23365928,2.5,10555,2.5,13696,2.1,33017,"0"
"..............x.x.x.",".x.xxxxxx.xx...x.x..","......x.xxxxxxx.xxxx","Generico_4/15_Duracion.integer",6,7,20,1036,142,"0",231,"0",223,"0",3607,"0.0",9,"/data/mt-compression/code/tools/datasets/formatted/Generico/4/Generico_4/15_Duracion.integer",23365928,22.2,30,12,"0.0",9.9,20,2797969
"xxx.x.xx.xx.xx......","xxNxNxxxxxxx.x.x.Nx.","NNNNNNNNNNNNNNNNNNNN","Generico_4/14_Disco.integer",163,225,"nan",346,69,20135,70,17241,60,19140,351,"0.0",7263844,"/data/mt-compression/code/tools/datasets/formatted/Generico/4/Generico_4/14_Disco.integer",23365928,3.9,47,3.7,29,2.6,30,74426
"....................","....................","....................","Generico_4/3_A�o.integer",2012,2012,2014,9,1,"0",1,"0",1,"0",2015,2007,"0","/data/mt-compression/code/tools/datasets/formatted/Generico/4/Generico_4/3_A�o.integer",23365928,14.3,2015,11.7,2011,11.1,2014,"0"
"x.x.xx.x.xxx..x.....","xxxx.....x......x...","....xxxxxxx....xx...","Generico_4/12_De_Npags.integer",4,8,10,278,59,46,63,"0",48,"0",352,-99,1052393,"/data/mt-compression/code/tools/datasets/formatted/Generico/4/Generico_4/12_De_Npags.integer",23365928,9.6,"0.0",9.1,6,9.1,7,2237980
"....................","....................","....................","Generico_4/28_Number of Records.integer",1,1,1,1,1,"0",1,"0",1,"0",1,1,"0","/data/mt-compression/code/tools/datasets/formatted/Generico/4/Generico_4/28_Number of Records.integer",23365928,100,1,"None","nan","None","nan","0"
"xxxxxxxxxxxxxxxxxxxx","xxxxxxxxxxxxxxxxxxxx","xxxxxxxxxxxxxxxxxxxx","Generico_4/21_Hora_Pagina.integer",80100,151500,235200,79773,1524,3324,1485,3521,1506,2872,255940,-63,780015,"/data/mt-compression/code/tools/datasets/formatted/Generico/4/Generico_4/21_Hora_Pagina.integer",23365928,"0.2",180000,"0.2",7,"0.2",4,"0"
"x.xx.xxx.xxxxxx.x.xx","....................","xxxxx....xx..xxxxxxx","Generico_3/30_Posicion_Edicion.integer",1,1,4,379,142,"0",35,"0",153,"0",1136,"0.0",28709,"/data/mt-compression/code/tools/datasets/formatted/Generico/3/Generico_3/30_Posicion_Edicion.integer",23365928,18.6,1,12.7,2,11.2,3,1674606
"....................","....................","....................","Generico_3/33_SEMANA.integer",30,45,18,53,3,"0",3,"0",2,"0",53,1,76864,"/data/mt-compression/code/tools/datasets/formatted/Generico/3/Generico_3/33_SEMANA.integer",23365928,2.5,30,2.4,29,2.4,31,"0"
"....................","....................","....................","Generico_3/13_Dia_Semana.integer",1,2,4,135,7,"0",7,"0",7,"0",134,"0.0","0","/data/mt-compression/code/tools/datasets/formatted/Generico/3/Generico_3/13_Dia_Semana.integer",23365928,15.5,5,15.4,3,15.3,4,7865
"....................","....................","....................","Generico_3/27_NumAnuncios.integer",1,1,1,2,1,"0",1,"0",1,"0",2,1,"0","/data/mt-compression/code/tools/datasets/formatted/Generico/3/Generico_3/27_NumAnuncios.integer",23365928,100,1,"0.0",2,"None","nan","0"
".x.x.x.x.x..........","xx.xx.xxxxxxx.xxxxxx","xxx.x.x.xx.x.xxxxx.x","Generico_3/11_Corte.integer",4,4,5,616,30,"0",44,"0",39,"0",838,"0.0",28594,"/data/mt-compression/code/tools/datasets/formatted/Generico/3/Generico_3/11_Corte.integer",23365928,17.7,"0.0",16.7,1,15.7,2,4145892
"....................","....................","....................","Generico_3/8_Cols.integer","0.0","0.0","0.0",21,10,"0",12,"0",11,"0",68,"0.0","0","/data/mt-compression/code/tools/datasets/formatted/Generico/3/Generico_3/8_Cols.integer",23365928,97.1,"0.0",1.2,6,"0.5",3,22687060
"....................","....................","....................","Generico_3/29_Plgs.integer","0.0","0.0","0.0",24,15,"0",15,"0",17,"0",98,"0.0","0","/data/mt-compression/code/tools/datasets/formatted/Generico/3/Generico_3/29_Plgs.integer",23365928,97.1,"0.0",1,8,"0.7",4,22687060
"xxxxxxx.xx...xx..xxx",".x.xxxx.xxxxxxxxxx.x","xxxxx.x...x.xxxxxx.x","Generico_3/7_Codigo.integer",135796,116805,121217,1430639,7378,"0",9164,"0",7117,"0",1882408,5,"0","/data/mt-compression/code/tools/datasets/formatted/Generico/3/Generico_3/7_Codigo.integer",23365928,2.5,10555,2.5,13696,2.1,33017,"0"
"......x.x.xxxxxxx..x","xxxx.............xx.",".....x..........x.xx","Generico_3/15_Duracion.integer",6,180,14,1036,193,"0",196,"0",160,"0",3607,"0.0",9,"/data/mt-compression/code/tools/datasets/formatted/Generico/3/Generico_3/15_Duracion.integer",23365928,22.2,30,12,"0.0",9.9,20,2797969
"NNNNNNNNNNNNNNNNNNx.","..............xx....",".NNxx.x..xNNNNx.NNxx","Generico_3/14_Disco.integer","nan",31,177,346,81,22399,55,23647,36,20439,351,"0.0",7263844,"/data/mt-compression/code/tools/datasets/formatted/Generico/3/Generico_3/14_Disco.integer",23365928,3.9,47,3.7,29,2.6,30,74426
"....................","....................","....................","Generico_3/3_A�o.integer",2015,2010,2015,9,1,"0",1,"0",1,"0",2015,2007,"0","/data/mt-compression/code/tools/datasets/formatted/Generico/3/Generico_3/3_A�o.integer",23365928,14.3,2015,11.7,2011,11.1,2014,"0"
"..x.......x.........","x..xxxxx..xxxxxxxx.x","....................","Generico_3/12_De_Npags.integer",7,4,"0.0",278,48,"0",48,"0",61,"0",352,-99,1052393,"/data/mt-compression/code/tools/datasets/formatted/Generico/3/Generico_3/12_De_Npags.integer",23365928,9.6,"0.0",9.1,6,9.1,7,2237980
"....................","....................","....................","Generico_3/28_Number of Records.integer",1,1,1,1,1,"0",1,"0",1,"0",1,1,"0","/data/mt-compression/code/tools/datasets/formatted/Generico/3/Generico_3/28_Number of Records.integer",23365928,100,1,"None","nan","None","nan","0"
"xxxxxxxxxxxxxxxxxxxx","xxxxxxxxxxxxxxxxxxxx","xxxxxxxxxxxxxxxxxxxx","Generico_3/21_Hora_Pagina.integer",114000,102500,192900,79773,1515,3359,1517,2753,1500,"0",255940,-63,780015,"/data/mt-compression/code/tools/datasets/formatted/Generico/3/Generico_3/21_Hora_Pagina.integer",23365928,"0.2",180000,"0.2",7,"0.2",4,"0"
"..xxxxxxxxxxxxxx.xxx","xx..xxx.xxx.x.xxxx.x","xx.xxxx.xxxxxxxxxxxx","Generico_1/30_Posicion_Edicion.integer",6,4,4,368,111,"0",121,"0",121,"0",1136,"0.0","0","/data/mt-compression/code/tools/datasets/formatted/Generico/1/Generico_1/30_Posicion_Edicion.integer",20660895,19,1,12.8,2,11.3,3,1614882
"....................","....................","....................","Generico_1/33_SEMANA.integer",49,46,29,53,2,"0",3,"0",1,"0",53,1,76864,"/data/mt-compression/code/tools/datasets/formatted/Generico/1/Generico_1/33_SEMANA.integer",20660895,2.2,30,2.2,29,2.1,13,"0"
"....................","....................","....................","Generico_1/13_Dia_Semana.integer",7,1,7,135,7,"0",7,"0",7,"0",134,"0.0","0","/data/mt-compression/code/tools/datasets/formatted/Generico/1/Generico_1/13_Dia_Semana.integer",20660895,15.4,5,15.4,3,15.2,4,7865
"....................","....................","....................","Generico_1/27_NumAnuncios.integer",1,1,1,2,1,"0",1,"0",1,"0",2,1,"0","/data/mt-compression/code/tools/datasets/formatted/Generico/1/Generico_1/27_NumAnuncios.integer",20660895,100,1,"0.0",2,"None","nan","0"
"....................","..x...x.....x.......","xxxxxxxxxxxxxxxxxxxx","Generico_1/11_Corte.integer","0.0",3,5,131,57,"0",34,"0",44,"0",838,"0.0","0","/data/mt-compression/code/tools/datasets/formatted/Generico/1/Generico_1/11_Corte.integer",20660895,18.8,"0.0",16.5,1,15.7,2,3887066
"....................","....................","....................","Generico_1/8_Cols.integer","0.0","0.0","0.0",21,11,"0",12,"0",11,"0",68,"0.0","0","/data/mt-compression/code/tools/datasets/formatted/Generico/1/Generico_1/8_Cols.integer",20660895,96.9,"0.0",1.2,6,"0.5",3,20026112
"....................","....................","xx.x..x...xx..xxx..x","Generico_1/29_Plgs.integer","0.0","0.0",8,24,16,"0",15,"0",16,"0",98,"0.0","0","/data/mt-compression/code/tools/datasets/formatted/Generico/1/Generico_1/29_Plgs.integer",20660895,96.9,"0.0",1,8,"0.7",4,20026112
"xxxxxxxxx.xxxxxxxx..","xxxx.xxxxxxxxxxx.xx.","x........x.x..x.xxxx","Generico_1/7_Codigo.integer",113363,85407,123976,1386983,7754,"0",6511,"0",8724,"0",1864493,5,"0","/data/mt-compression/code/tools/datasets/formatted/Generico/1/Generico_1/7_Codigo.integer",20660895,2.8,10555,2.8,13696,2.3,33017,"0"
"....................","xxxxx.xx..xxxxxxxxxx","...x..x...xx........","Generico_1/15_Duracion.integer","0.0",21,30,1013,219,"0",189,1,166,"0",3607,"0.0",9,"/data/mt-compression/code/tools/datasets/formatted/Generico/1/Generico_1/15_Duracion.integer",20660895,21.9,30,13,"0.0",9.8,20,2692224
".xNNNNNNNNNNx.......",".xxxNNxx..x.xxxxxxNx","............x.....xx","Generico_1/14_Disco.integer",27,164,36,297,76,21983,73,23487,67,17284,305,"0.0",6882782,"/data/mt-compression/code/tools/datasets/formatted/Generico/1/Generico_1/14_Disco.integer",20660895,4.2,29,2.9,30,2.8,31,68156
"....................","....................","....................","Generico_1/3_A�o.integer",2010,2011,2013,9,1,"0",1,"0",1,"0",2015,2007,"0","/data/mt-compression/code/tools/datasets/formatted/Generico/1/Generico_1/3_A�o.integer",20660895,13.2,2011,12.5,2014,12.3,2012,"0"
"...x..xx.x..xxx..xxx","........x........xx.","xxxxxxxxxxx.x....x.x","Generico_1/12_De_Npags.integer",9,7,8,264,50,"0",53,"0",48,"0",349,-99,1047,"/data/mt-compression/code/tools/datasets/formatted/Generico/1/Generico_1/12_De_Npags.integer",20660895,10.5,"0.0",9.7,6,9.5,7,2176995
"....................","....................","....................","Generico_1/28_Number of Records.integer",1,1,1,1,1,"0",1,"0",1,"0",1,1,"0","/data/mt-compression/code/tools/datasets/formatted/Generico/1/Generico_1/28_Number of Records.integer",20660895,100,1,"None","nan","None","nan","0"
"xxxxxxxxxxxxxxxxxxxx","xxxxxxxxxxxxxxxxxxxx","xxxxxxxxxxxxxxxxxxxx","Generico_1/21_Hora_Pagina.integer",204900,74800,114500,1705,1538,1996,1538,2523,1541,1848,255900,-63,755408,"/data/mt-compression/code/tools/datasets/formatted/Generico/1/Generico_1/21_Hora_Pagina.integer",20660895,"0.2",180000,"0.2",7,"0.2",130000,"0"
"....................",".xxxxxxxxxxx.xx.xxxx","x..x..x.x.....x.....","Generico_2/30_Posicion_Edicion.integer","0.0",1,7,379,281,"0",340,"0",168,"0",1136,"0.0",28709,"/data/mt-compression/code/tools/datasets/formatted/Generico/2/Generico_2/30_Posicion_Edicion.integer",23365928,18.6,1,12.7,2,11.2,3,1674606
"....................","....................","....................","Generico_2/33_SEMANA.integer",48,2,29,53,3,"0",3,"0",3,"0",53,1,76864,"/data/mt-compression/code/tools/datasets/formatted/Generico/2/Generico_2/33_SEMANA.integer",23365928,2.5,30,2.4,29,2.4,31,"0"
"....................","....................","....................","Generico_2/13_Dia_Semana.integer",6,5,1,135,7,"0",7,"0",7,"0",134,"0.0","0","/data/mt-compression/code/tools/datasets/formatted/Generico/2/Generico_2/13_Dia_Semana.integer",23365928,15.5,5,15.4,3,15.3,4,7865
"....................","....................","....................","Generico_2/27_NumAnuncios.integer",1,1,1,2,1,"0",1,"0",1,"0",2,1,"0","/data/mt-compression/code/tools/datasets/formatted/Generico/2/Generico_2/27_NumAnuncios.integer",23365928,100,1,"0.0",2,"None","nan","0"
"....x....xxx..x.xxxx","xxxx....xx..........","xxxxxx.....x..xxxxxx","Generico_2/11_Corte.integer",1,1,2,616,36,"0",39,"0",49,"0",838,"0.0",28594,"/data/mt-compression/code/tools/datasets/formatted/Generico/2/Generico_2/11_Corte.integer",23365928,17.7,"0.0",16.7,1,15.7,2,4145892
"....................","....................","....................","Generico_2/8_Cols.integer","0.0","0.0","0.0",21,10,"0",11,"0",11,"0",68,"0.0","0","/data/mt-compression/code/tools/datasets/formatted/Generico/2/Generico_2/8_Cols.integer",23365928,97.1,"0.0",1.2,6,"0.5",3,22687060
"....................","....................","....................","Generico_2/29_Plgs.integer","0.0","0.0","0.0",24,16,"0",16,"0",14,"0",98,"0.0","0","/data/mt-compression/code/tools/datasets/formatted/Generico/2/Generico_2/29_Plgs.integer",23365928,97.1,"0.0",1,8,"0.7",4,22687060
"....................","x......xxxxxxxxxxxxx","xxxxxxxxxxxxxxxxxxxx","Generico_2/7_Codigo.integer",6946,122110,426271,1430639,8286,"0",7458,"0",9640,"0",1882408,5,"0","/data/mt-compression/code/tools/datasets/formatted/Generico/2/Generico_2/7_Codigo.integer",23365928,2.5,10555,2.5,13696,2.1,33017,"0"
"xxxxxx..x..xx..xx.xx","x..x.xxx.xxx.xx....x","xxxx.xxxxxxxxx..xxxx","Generico_2/15_Duracion.integer",10,10,20,1036,241,"0",141,"0",218,"0",3607,"0.0",9,"/data/mt-compression/code/tools/datasets/formatted/Generico/2/Generico_2/15_Duracion.integer",23365928,22.2,30,12,"0.0",9.9,20,2797969
"NNNNNNNNxxx.NNNNNNNN","NNNNNNNNNNNNxxxxNx..",".......x.........xx.","Generico_2/14_Disco.integer","nan","nan",256,346,73,17072,59,21739,99,17811,351,"0.0",7263844,"/data/mt-compression/code/tools/datasets/formatted/Generico/2/Generico_2/14_Disco.integer",23365928,3.9,47,3.7,29,2.6,30,74426
"....................","....................","....................","Generico_2/3_A�o.integer",2008,2012,2012,9,1,"0",2,"0",1,"0",2015,2007,"0","/data/mt-compression/code/tools/datasets/formatted/Generico/2/Generico_2/3_A�o.integer",23365928,14.3,2015,11.7,2011,11.1,2014,"0"
"xxx.xxx.xxxxxxx.x.x.","x...................","xx.xx.x.xxxxxxxxxx.x","Generico_2/12_De_Npags.integer",9,"0.0",15,278,62,"0",58,"0",54,"0",352,-99,1052393,"/data/mt-compression/code/tools/datasets/formatted/Generico/2/Generico_2/12_De_Npags.integer",23365928,9.6,"0.0",9.1,6,9.1,7,2237980
"....................","....................","....................","Generico_2/28_Number of Records.integer",1,1,1,1,1,"0",1,"0",1,"0",1,1,"0","/data/mt-compression/code/tools/datasets/formatted/Generico/2/Generico_2/28_Number of Records.integer",23365928,100,1,"None","nan","None","nan","0"
"xxxxxxxxxxxxxxxxxxxx","xxxxxxxxxxxxxxxxxxxx","xxxxxxxxxxxxxxxxxxxx","Generico_2/21_Hora_Pagina.integer",110005,115240,82800,79773,39394,"0",39500,"0",1514,3753,255940,-63,780015,"/data/mt-compression/code/tools/datasets/formatted/Generico/2/Generico_2/21_Hora_Pagina.integer",23365928,"0.2",180000,"0.2",7,"0.2",4,"0"
"x.xxx.xxxxxx.xx.xx.x","..xxxxxxxxxxxxxxxxxx","xxx..x.xxxx.xxx.xxxx","Generico_5/30_Posicion_Edicion.integer",5,1,4,379,194,"0",198,"0",58,"0",1136,"0.0",28709,"/data/mt-compression/code/tools/datasets/formatted/Generico/5/Generico_5/30_Posicion_Edicion.integer",23365928,18.6,1,12.7,2,11.2,3,1674606
"....................","....................","....................","Generico_5/33_SEMANA.integer",28,44,30,53,3,"0",3,"0",3,"0",53,1,76864,"/data/mt-compression/code/tools/datasets/formatted/Generico/5/Generico_5/33_SEMANA.integer",23365928,2.5,30,2.4,29,2.4,31,"0"
"....................","....................","....................","Generico_5/13_Dia_Semana.integer",5,4,6,135,7,"0",7,"0",7,"0",134,"0.0","0","/data/mt-compression/code/tools/datasets/formatted/Generico/5/Generico_5/13_Dia_Semana.integer",23365928,15.5,5,15.4,3,15.3,4,7865
"....................","....................","....................","Generico_5/27_NumAnuncios.integer",1,1,1,2,1,"0",1,"0",1,"0",2,1,"0","/data/mt-compression/code/tools/datasets/formatted/Generico/5/Generico_5/27_NumAnuncios.integer",23365928,100,1,"0.0",2,"None","nan","0"
"xxxx..xx..x.xxxxxxxx",".x...x.x.x.x...x.x.x","....................","Generico_5/11_Corte.integer",3,4,"0.0",616,38,"0",38,"0",75,"0",838,"0.0",28594,"/data/mt-compression/code/tools/datasets/formatted/Generico/5/Generico_5/11_Corte.integer",23365928,17.7,"0.0",16.7,1,15.7,2,4145892
"....................","....................","................xx..","Generico_5/8_Cols.integer","0.0","0.0",6,21,13,"0",11,"0",11,"0",68,"0.0","0","/data/mt-compression/code/tools/datasets/formatted/Generico/5/Generico_5/8_Cols.integer",23365928,97.1,"0.0",1.2,6,"0.5",3,22687060
"....................","....................","....................","Generico_5/29_Plgs.integer","0.0","0.0","0.0",24,16,"0",16,"0",10,"0",98,"0.0","0","/data/mt-compression/code/tools/datasets/formatted/Generico/5/Generico_5/29_Plgs.integer",23365928,97.1,"0.0",1,8,"0.7",4,22687060
"x........xxxx.xxx...",".................xxx","xxxxxx.xxxx..xxxx.xx","Generico_5/7_Codigo.integer",7246,3920,91713,1430639,7342,"0",8217,"0",8156,"0",1882408,5,"0","/data/mt-compression/code/tools/datasets/formatted/Generico/5/Generico_5/7_Codigo.integer",23365928,2.5,10555,2.5,13696,2.1,33017,"0"
".................xx.","..x..............x..","..........x.x...x...","Generico_5/15_Duracion.integer","0.0",35,17,1036,202,"0",137,"0",144,"0",3607,"0.0",9,"/data/mt-compression/code/tools/datasets/formatted/Generico/5/Generico_5/15_Duracion.integer",23365928,22.2,30,12,"0.0",9.9,20,2797969
"xxNNNxNxxx...x..x.x.","xxxxx..x.xxx..xxxxxx","...............x....","Generico_5/14_Disco.integer",209,214,27,346,54,22665,59,18205,83,26114,351,"0.0",7263844,"/data/mt-compression/code/tools/datasets/formatted/Generico/5/Generico_5/14_Disco.integer",23365928,3.9,47,3.7,29,2.6,30,74426
"....................","....................","....................","Generico_5/3_A�o.integer",2011,2013,2014,9,1,"0",1,"0",1,"0",2015,2007,"0","/data/mt-compression/code/tools/datasets/formatted/Generico/5/Generico_5/3_A�o.integer",23365928,14.3,2015,11.7,2011,11.1,2014,"0"
"xxxx.x.xx...xxxxx.xx","x.xx.xx.xxxxxxx.....","xxx.x.xxx.x.x.x...x.","Generico_5/12_De_Npags.integer",23,72,6,278,56,"0",63,"0",57,"0",352,-99,1052393,"/data/mt-compression/code/tools/datasets/formatted/Generico/5/Generico_5/12_De_Npags.integer",23365928,9.6,"0.0",9.1,6,9.1,7,2237980
"....................","....................","....................","Generico_5/28_Number of Records.integer",1,1,1,1,1,"0",1,"0",1,"0",1,1,"0","/data/mt-compression/code/tools/datasets/formatted/Generico/5/Generico_5/28_Number of Records.integer",23365928,100,1,"None","nan","None","nan","0"
"xxxxxxxxxxxxxxxxxxxx",".x.x.x.xx.x.xxxxxxxx","xxxxxxxxxxxxxxxxxxxx","Generico_5/21_Hora_Pagina.integer",155800,143700,153200,79773,1566,1532,1522,2844,1523,"0",255940,-63,780015,"/data/mt-compression/code/tools/datasets/formatted/Generico/5/Generico_5/21_Hora_Pagina.integer",23365928,"0.2",180000,"0.2",7,"0.2",4,"0"